{
  "version": "1.1.1",
  "windows": {
    "main": {
      "main": true,
      "url": "app://editor/index.html",
      "windowType": "dockable",
      "x": -8,
      "y": -8,
      "width": 1296,
      "height": 696,
      "layout": {
        "children": [
          {
            "children": [
              {
                "active": 0,
                "children": [
                  "hierarchy"
                ],
                "height": 308.78125,
                "type": "panel",
                "width": 261.40625
              },
              {
                "active": 0,
                "children": [
                  "assets"
                ],
                "height": 268.5520935058594,
                "type": "panel",
                "width": 261.40625
              }
            ],
            "height": 579.3333740234375,
            "type": "dock-v",
            "width": 261.40625
          },
          {
            "active": 0,
            "children": [
              "scene"
            ],
            "height": 579.3333740234375,
            "type": "panel",
            "width": 624.9791870117188
          },
          {
            "active": 0,
            "children": [
              "inspector",
              "node-library"
            ],
            "height": 579.3333740234375,
            "type": "panel",
            "width": 391.6145935058594
          }
        ],
        "type": "dock-h"
      },
      "panels": [
        "hierarchy",
        "assets",
        "inspector",
        "node-library",
        "scene"
      ]
    }
  },
  "panels": {
    "console": {
      "x": -8,
      "y": -8,
      "width": 1296,
      "height": 696
    },
    "builder": {
      "x": 296,
      "y": 0,
      "width": 672,
      "height": 680
    }
  }
}