{
  "__type__": "cc.AnimationClip",
  "_name": "fish2",
  "_objFlags": 0,
  "_rawFiles": null,
  "_duration": 0.8,
  "sample": 5,
  "speed": 1,
  "wrapMode": "2",
  "curveData": {
    "comps": {
      "cc.Sprite": {
        "spriteFrame": [
          {
            "frame": 0,
            "value": {
              "__uuid__": "8998bf05-4ca9-42ed-8560-4bfbb785abfa"
            }
          },
          {
            "frame": 0.2,
            "value": {
              "__uuid__": "fc3a6c29-a3f4-4992-93c3-aeaae3210943"
            }
          },
          {
            "frame": 0.4,
            "value": {
              "__uuid__": "a605d41f-2e57-4055-a684-b0423769b7ea"
            }
          },
          {
            "frame": 0.6,
            "value": {
              "__uuid__": "7e454621-bfa7-4bde-81c4-6fad8a0b39bf"
            }
          }
        ]
      }
    }
  },
  "events": []
}