{
  "__type__": "cc.AnimationClip",
  "_name": "fish1",
  "_objFlags": 0,
  "_rawFiles": null,
  "_duration": 0.8,
  "sample": 10,
  "speed": 1,
  "wrapMode": "2",
  "curveData": {
    "comps": {
      "cc.Sprite": {
        "spriteFrame": [
          {
            "frame": 0,
            "value": {
              "__uuid__": "3f112292-7008-4ae6-897b-a85ae1ea078d"
            }
          },
          {
            "frame": 0.1,
            "value": {
              "__uuid__": "0bd0c04e-c22c-4a0a-893c-48b69d514588"
            }
          },
          {
            "frame": 0.2,
            "value": {
              "__uuid__": "227d60f4-bdbe-43a9-bbe2-944d269f0862"
            }
          },
          {
            "frame": 0.3,
            "value": {
              "__uuid__": "30368d44-7f03-40a6-a29c-17bf02bf9f6b"
            }
          },
          {
            "frame": 0.4,
            "value": {
              "__uuid__": "c23315ee-2131-4923-a9f4-2826315f6395"
            }
          },
          {
            "frame": 0.5,
            "value": {
              "__uuid__": "6bfff650-cb2e-454f-97cd-a96dd478cf39"
            }
          },
          {
            "frame": 0.6,
            "value": {
              "__uuid__": "158b7440-d3e5-437a-b778-d28cdc07d1f6"
            }
          },
          {
            "frame": 0.7,
            "value": {
              "__uuid__": "b9ff2370-9f06-4c9a-8e43-7407f04b5817"
            }
          }
        ]
      }
    }
  },
  "events": [
    {
      "frame": 0.1,
      "func": "",
      "params": []
    },
    {
      "frame": 0.1,
      "func": "",
      "params": []
    },
    {
      "frame": 0.1,
      "func": "",
      "params": []
    }
  ]
}