[
  {
    "__type__": "cc.SceneAsset",
    "_name": "game",
    "_objFlags": 0,
    "_native": "",
    "scene": {
      "__id__": 1
    },
    "asyncLoadAssets": false
  },
  {
    "__type__": "cc.Scene",
    "_objFlags": 0,
    "_parent": null,
    "_children": [
      {
        "__id__": 2
      }
    ],
    "_active": true,
    "_level": 0,
    "_components": [],
    "_prefab": null,
    "_opacity": 255,
    "_color": {
      "__type__": "cc.Color",
      "r": 255,
      "g": 255,
      "b": 255,
      "a": 255
    },
    "_contentSize": {
      "__type__": "cc.Size",
      "width": 0,
      "height": 0
    },
    "_anchorPoint": {
      "__type__": "cc.Vec2",
      "x": 0,
      "y": 0
    },
    "_scale": {
      "__type__": "cc.Vec3",
      "x": 6.955103120166793,
      "y": 6.955103120166793,
      "z": 6.955103120166793
    },
    "_quat": {
      "__type__": "cc.Quat",
      "x": 0,
      "y": 0,
      "z": 0,
      "w": 1
    },
    "_zIndex": 0,
    "_is3DNode": true,
    "groupIndex": 0,
    "autoReleaseAssets": false,
    "_id": "4d593520-fbb6-4ef1-a2e0-575522ce71fb"
  },
  {
    "__type__": "cc.Node",
    "_name": "Canvas",
    "_objFlags": 0,
    "_parent": {
      "__id__": 1
    },
    "_children": [
      {
        "__id__": 3
      },
      {
        "__id__": 5
      },
      {
        "__id__": 7
      },
      {
        "__id__": 14
      },
      {
        "__id__": 20
      }
    ],
    "_active": true,
    "_level": 1,
    "_components": [
      {
        "__id__": 25
      }
    ],
    "_prefab": null,
    "_opacity": 255,
    "_color": {
      "__type__": "cc.Color",
      "r": 255,
      "g": 255,
      "b": 255,
      "a": 255
    },
    "_contentSize": {
      "__type__": "cc.Size",
      "width": 96,
      "height": 64
    },
    "_anchorPoint": {
      "__type__": "cc.Vec2",
      "x": 0.5,
      "y": 0.5
    },
    "_position": {
      "__type__": "cc.Vec3",
      "x": 48,
      "y": 32,
      "z": 0
    },
    "_scale": {
      "__type__": "cc.Vec3",
      "x": 1,
      "y": 1,
      "z": 1
    },
    "_quat": {
      "__type__": "cc.Quat",
      "x": 0,
      "y": 0,
      "z": 0,
      "w": 1
    },
    "_skewX": 0,
    "_skewY": 0,
    "_zIndex": 0,
    "_is3DNode": false,
    "groupIndex": 0,
    "_id": "1dJ2m6wJ9FVKD3Iu09l0W6"
  },
  {
    "__type__": "cc.Node",
    "_name": "Main Camera",
    "_objFlags": 0,
    "_parent": {
      "__id__": 2
    },
    "_children": [],
    "_active": true,
    "_level": 2,
    "_components": [
      {
        "__id__": 4
      }
    ],
    "_prefab": null,
    "_opacity": 255,
    "_color": {
      "__type__": "cc.Color",
      "r": 255,
      "g": 255,
      "b": 255,
      "a": 255
    },
    "_contentSize": {
      "__type__": "cc.Size",
      "width": 0,
      "height": 0
    },
    "_anchorPoint": {
      "__type__": "cc.Vec2",
      "x": 0.5,
      "y": 0.5
    },
    "_position": {
      "__type__": "cc.Vec3",
      "x": 0,
      "y": 0,
      "z": 50
    },
    "_scale": {
      "__type__": "cc.Vec3",
      "x": 1,
      "y": 1,
      "z": 1
    },
    "_quat": {
      "__type__": "cc.Quat",
      "x": 0,
      "y": 0,
      "z": 0,
      "w": 1
    },
    "_skewX": 0,
    "_skewY": 0,
    "_zIndex": 0,
    "_is3DNode": true,
    "groupIndex": 0,
    "_id": "71o4AG8CNC94vahefgjSJB"
  },
  {
    "__type__": "cc.Camera",
    "_name": "",
    "_objFlags": 0,
    "node": {
      "__id__": 3
    },
    "_enabled": true,
    "_cullingMask": 4294967295,
    "_clearFlags": 7,
    "_backgroundColor": {
      "__type__": "cc.Color",
      "r": 0,
      "g": 0,
      "b": 0,
      "a": 255
    },
    "_depth": -1,
    "_zoomRatio": 1,
    "_targetTexture": null,
    "_fov": 60,
    "_orthoSize": 10,
    "_nearClip": 0.1,
    "_farClip": 4096,
    "_ortho": false,
    "_rect": {
      "__type__": "cc.Rect",
      "x": 0,
      "y": 0,
      "width": 1,
      "height": 1
    },
    "_id": "2c9n9muClOfawZMVbn10jV"
  },
  {
    "__type__": "cc.Node",
    "_name": "bk",
    "_objFlags": 0,
    "_parent": {
      "__id__": 2
    },
    "_children": [],
    "_active": true,
    "_level": 2,
    "_components": [
      {
        "__id__": 6
      }
    ],
    "_prefab": null,
    "_opacity": 255,
    "_color": {
      "__type__": "cc.Color",
      "r": 72,
      "g": 64,
      "b": 64,
      "a": 255
    },
    "_contentSize": {
      "__type__": "cc.Size",
      "width": 100,
      "height": 100
    },
    "_anchorPoint": {
      "__type__": "cc.Vec2",
      "x": 0.5,
      "y": 0.5
    },
    "_position": {
      "__type__": "cc.Vec3",
      "x": 0,
      "y": -13.9,
      "z": 15
    },
    "_scale": {
      "__type__": "cc.Vec3",
      "x": 1,
      "y": 1,
      "z": 1
    },
    "_quat": {
      "__type__": "cc.Quat",
      "x": -0.7071067811865475,
      "y": 0,
      "z": 0,
      "w": 0.7071067811865476
    },
    "_skewX": 0,
    "_skewY": 0,
    "_zIndex": 0,
    "_is3DNode": true,
    "groupIndex": 0,
    "_rotationX": 0,
    "_rotationY": 0,
    "_id": "4fI13k6itKDrbqrD7D6PHx"
  },
  {
    "__type__": "cc.Sprite",
    "_name": "",
    "_objFlags": 0,
    "node": {
      "__id__": 5
    },
    "_enabled": true,
    "_srcBlendFactor": 770,
    "_dstBlendFactor": 771,
    "_spriteFrame": {
      "__uuid__": "a23235d1-15db-4b95-8439-a2e005bfff91"
    },
    "_type": 0,
    "_sizeMode": 0,
    "_fillType": 0,
    "_fillCenter": {
      "__type__": "cc.Vec2",
      "x": 0,
      "y": 0
    },
    "_fillStart": 0,
    "_fillRange": 0,
    "_isTrimmedMode": true,
    "_state": 0,
    "_atlas": null,
    "_id": "18979tj2hIlKRcCej/ztdt"
  },
  {
    "__type__": "cc.Node",
    "_name": "round",
    "_objFlags": 0,
    "_parent": {
      "__id__": 2
    },
    "_children": [
      {
        "__id__": 8
      }
    ],
    "_active": true,
    "_level": 2,
    "_components": [
      {
        "__id__": 11
      },
      {
        "__id__": 12
      }
    ],
    "_prefab": {
      "__id__": 13
    },
    "_opacity": 255,
    "_color": {
      "__type__": "cc.Color",
      "r": 255,
      "g": 255,
      "b": 255,
      "a": 255
    },
    "_contentSize": {
      "__type__": "cc.Size",
      "width": 0,
      "height": 0
    },
    "_anchorPoint": {
      "__type__": "cc.Vec2",
      "x": 0.5,
      "y": 0.5
    },
    "_position": {
      "__type__": "cc.Vec3",
      "x": -3.5,
      "y": 0,
      "z": 0
    },
    "_scale": {
      "__type__": "cc.Vec3",
      "x": 20,
      "y": 20,
      "z": 20
    },
    "_quat": {
      "__type__": "cc.Quat",
      "x": 0,
      "y": 0,
      "z": 0,
      "w": 1
    },
    "_skewX": 0,
    "_skewY": 0,
    "_zIndex": 0,
    "_is3DNode": true,
    "groupIndex": 0,
    "_id": "f0zf48QENInKjuByNwOD80"
  },
  {
    "__type__": "cc.Node",
    "_name": "pSphere1",
    "_objFlags": 0,
    "_parent": {
      "__id__": 7
    },
    "_children": [],
    "_active": true,
    "_level": 1,
    "_components": [
      {
        "__id__": 9
      }
    ],
    "_prefab": {
      "__id__": 10
    },
    "_opacity": 255,
    "_color": {
      "__type__": "cc.Color",
      "r": 255,
      "g": 0,
      "b": 17,
      "a": 255
    },
    "_contentSize": {
      "__type__": "cc.Size",
      "width": 0,
      "height": 0
    },
    "_anchorPoint": {
      "__type__": "cc.Vec2",
      "x": 0.5,
      "y": 0.5
    },
    "_position": {
      "__type__": "cc.Vec3",
      "x": 0,
      "y": 0,
      "z": 0
    },
    "_scale": {
      "__type__": "cc.Vec3",
      "x": 7.4882869720459,
      "y": 7.4882869720459,
      "z": 7.4882869720459
    },
    "_quat": {
      "__type__": "cc.Quat",
      "x": 0,
      "y": 0,
      "z": 0,
      "w": 1
    },
    "_skewX": 0,
    "_skewY": 0,
    "_zIndex": 0,
    "_is3DNode": true,
    "groupIndex": 0,
    "_id": "48h0pt09JN8pYyr1Pv5RJa"
  },
  {
    "__type__": "cc.MeshRenderer",
    "_name": "",
    "_objFlags": 0,
    "node": {
      "__id__": 8
    },
    "_enabled": true,
    "_srcBlendFactor": 770,
    "_dstBlendFactor": 771,
    "_mesh": {
      "__uuid__": "7d277e7a-51f3-4447-af22-a347bd4e83f5"
    },
    "textures": [
      {
        "__uuid__": "0275e94c-56a7-410f-bd1a-fc7483f7d14a"
      },
      {
        "__uuid__": "0275e94c-56a7-410f-bd1a-fc7483f7d14a"
      },
      {
        "__uuid__": "0275e94c-56a7-410f-bd1a-fc7483f7d14a"
      },
      {
        "__uuid__": "0275e94c-56a7-410f-bd1a-fc7483f7d14a"
      },
      {
        "__uuid__": "0275e94c-56a7-410f-bd1a-fc7483f7d14a"
      },
      {
        "__uuid__": "0275e94c-56a7-410f-bd1a-fc7483f7d14a"
      }
    ],
    "_id": "a1lGW4rBlAxZhsD3jIv6ej"
  },
  {
    "__type__": "cc.PrefabInfo",
    "root": {
      "__id__": 7
    },
    "asset": {
      "__uuid__": "19fdcc0a-a296-4c1b-9c0f-0ecd91032104"
    },
    "fileId": "pSphere1",
    "sync": false
  },
  {
    "__type__": "d0566E9nXBNd7i6Ix/iJjX/",
    "_name": "",
    "_objFlags": 0,
    "node": {
      "__id__": 7
    },
    "_enabled": true,
    "_id": "67PD8YVENL4rwZXxWSOLYk"
  },
  {
    "__type__": "e11dckXM0hED7oQs1NvgyaY",
    "_name": "",
    "_objFlags": 0,
    "node": {
      "__id__": 7
    },
    "_enabled": true,
    "speed": 300,
    "_id": "e9tGg0GsJMpIEEgvcJEs/t"
  },
  {
    "__type__": "cc.PrefabInfo",
    "root": {
      "__id__": 7
    },
    "asset": {
      "__uuid__": "19fdcc0a-a296-4c1b-9c0f-0ecd91032104"
    },
    "fileId": "079d4047-3ef6-4434-919c-df851228aecd",
    "sync": false
  },
  {
    "__type__": "cc.Node",
    "_name": "kk",
    "_objFlags": 0,
    "_parent": {
      "__id__": 2
    },
    "_children": [
      {
        "__id__": 15
      }
    ],
    "_active": true,
    "_level": 2,
    "_components": [
      {
        "__id__": 18
      }
    ],
    "_prefab": {
      "__id__": 19
    },
    "_opacity": 255,
    "_color": {
      "__type__": "cc.Color",
      "r": 255,
      "g": 255,
      "b": 255,
      "a": 255
    },
    "_contentSize": {
      "__type__": "cc.Size",
      "width": 0,
      "height": 0
    },
    "_anchorPoint": {
      "__type__": "cc.Vec2",
      "x": 0.5,
      "y": 0.5
    },
    "_position": {
      "__type__": "cc.Vec3",
      "x": 3.3,
      "y": 0,
      "z": 0
    },
    "_scale": {
      "__type__": "cc.Vec3",
      "x": 60,
      "y": 60,
      "z": 60
    },
    "_quat": {
      "__type__": "cc.Quat",
      "x": 0,
      "y": 0,
      "z": 0,
      "w": 1
    },
    "_skewX": 0,
    "_skewY": 0,
    "_zIndex": 0,
    "_is3DNode": true,
    "groupIndex": 0,
    "_id": "60+Tcna1JKnYXNqqfM47is"
  },
  {
    "__type__": "cc.Node",
    "_name": "pCube1",
    "_objFlags": 0,
    "_parent": {
      "__id__": 14
    },
    "_children": [],
    "_active": true,
    "_level": 1,
    "_components": [
      {
        "__id__": 16
      }
    ],
    "_prefab": {
      "__id__": 17
    },
    "_opacity": 255,
    "_color": {
      "__type__": "cc.Color",
      "r": 2,
      "g": 59,
      "b": 255,
      "a": 255
    },
    "_contentSize": {
      "__type__": "cc.Size",
      "width": 0,
      "height": 0
    },
    "_anchorPoint": {
      "__type__": "cc.Vec2",
      "x": 0.5,
      "y": 0.5
    },
    "_position": {
      "__type__": "cc.Vec3",
      "x": 0,
      "y": 0,
      "z": 0
    },
    "_scale": {
      "__type__": "cc.Vec3",
      "x": 5,
      "y": 5,
      "z": 5
    },
    "_quat": {
      "__type__": "cc.Quat",
      "x": 0,
      "y": 0,
      "z": 0,
      "w": 1
    },
    "_skewX": 0,
    "_skewY": 0,
    "_zIndex": 0,
    "_is3DNode": true,
    "groupIndex": 0,
    "_id": "83ERsaX2FAxZ5m4hsEpSTj"
  },
  {
    "__type__": "cc.MeshRenderer",
    "_name": "",
    "_objFlags": 0,
    "node": {
      "__id__": 15
    },
    "_enabled": true,
    "_srcBlendFactor": 770,
    "_dstBlendFactor": 771,
    "_mesh": {
      "__uuid__": "baddc5f6-d9f8-4fc3-b628-fde97dfdf41c"
    },
    "textures": [
      {
        "__uuid__": "0275e94c-56a7-410f-bd1a-fc7483f7d14a"
      }
    ],
    "_id": "d8uhoaOElEY4r8G5a2OrZe"
  },
  {
    "__type__": "cc.PrefabInfo",
    "root": {
      "__id__": 14
    },
    "asset": {
      "__uuid__": "0f0c7943-cc4e-490d-b97d-9311b74b12ad"
    },
    "fileId": "pCube1",
    "sync": false
  },
  {
    "__type__": "633acka1Y1KMKO0MlSu/x1+",
    "_name": "",
    "_objFlags": 0,
    "node": {
      "__id__": 14
    },
    "_enabled": true,
    "speed": 100,
    "_id": "29IsPVTXZLf5wDcjuTJ5Tz"
  },
  {
    "__type__": "cc.PrefabInfo",
    "root": {
      "__id__": 14
    },
    "asset": {
      "__uuid__": "0f0c7943-cc4e-490d-b97d-9311b74b12ad"
    },
    "fileId": "09b5b380-5dc1-4dd6-a862-eee504b1617b",
    "sync": false
  },
  {
    "__type__": "cc.Node",
    "_name": "kuai",
    "_objFlags": 0,
    "_parent": {
      "__id__": 2
    },
    "_children": [
      {
        "__id__": 21
      }
    ],
    "_active": true,
    "_level": 2,
    "_components": [],
    "_prefab": {
      "__id__": 24
    },
    "_opacity": 255,
    "_color": {
      "__type__": "cc.Color",
      "r": 255,
      "g": 255,
      "b": 255,
      "a": 255
    },
    "_contentSize": {
      "__type__": "cc.Size",
      "width": 0,
      "height": 0
    },
    "_anchorPoint": {
      "__type__": "cc.Vec2",
      "x": 0.5,
      "y": 0.5
    },
    "_position": {
      "__type__": "cc.Vec3",
      "x": 0,
      "y": -9.4,
      "z": 0
    },
    "_scale": {
      "__type__": "cc.Vec3",
      "x": 300,
      "y": 50,
      "z": 50
    },
    "_quat": {
      "__type__": "cc.Quat",
      "x": 0,
      "y": 0,
      "z": 0,
      "w": 1
    },
    "_skewX": 0,
    "_skewY": 0,
    "_zIndex": 0,
    "_is3DNode": true,
    "groupIndex": 0,
    "_id": "7as24BBBdAa7zVwMs7R2Hj"
  },
  {
    "__type__": "cc.Node",
    "_name": "pCube1",
    "_objFlags": 0,
    "_parent": {
      "__id__": 20
    },
    "_children": [],
    "_active": true,
    "_level": 1,
    "_components": [
      {
        "__id__": 22
      }
    ],
    "_prefab": {
      "__id__": 23
    },
    "_opacity": 255,
    "_color": {
      "__type__": "cc.Color",
      "r": 2,
      "g": 255,
      "b": 204,
      "a": 255
    },
    "_contentSize": {
      "__type__": "cc.Size",
      "width": 0,
      "height": 0
    },
    "_anchorPoint": {
      "__type__": "cc.Vec2",
      "x": 0.5,
      "y": 0.5
    },
    "_position": {
      "__type__": "cc.Vec3",
      "x": 0,
      "y": 0,
      "z": 0
    },
    "_scale": {
      "__type__": "cc.Vec3",
      "x": 5,
      "y": 5,
      "z": 5
    },
    "_quat": {
      "__type__": "cc.Quat",
      "x": 0,
      "y": 0,
      "z": 0,
      "w": 1
    },
    "_skewX": 0,
    "_skewY": 0,
    "_zIndex": 0,
    "_is3DNode": true,
    "groupIndex": 0,
    "_id": "aeRgZzQY5BZJu9UULDkIyX"
  },
  {
    "__type__": "cc.MeshRenderer",
    "_name": "",
    "_objFlags": 0,
    "node": {
      "__id__": 21
    },
    "_enabled": true,
    "_srcBlendFactor": 770,
    "_dstBlendFactor": 771,
    "_mesh": {
      "__uuid__": "baddc5f6-d9f8-4fc3-b628-fde97dfdf41c"
    },
    "textures": [
      {
        "__uuid__": "0275e94c-56a7-410f-bd1a-fc7483f7d14a"
      }
    ],
    "_id": "c0SC3ic4ROJoj2rYr+Cyea"
  },
  {
    "__type__": "cc.PrefabInfo",
    "root": {
      "__id__": 20
    },
    "asset": {
      "__uuid__": "0f0c7943-cc4e-490d-b97d-9311b74b12ad"
    },
    "fileId": "pCube1",
    "sync": false
  },
  {
    "__type__": "cc.PrefabInfo",
    "root": {
      "__id__": 20
    },
    "asset": {
      "__uuid__": "0f0c7943-cc4e-490d-b97d-9311b74b12ad"
    },
    "fileId": "09b5b380-5dc1-4dd6-a862-eee504b1617b",
    "sync": false
  },
  {
    "__type__": "cc.Canvas",
    "_name": "",
    "_objFlags": 0,
    "node": {
      "__id__": 2
    },
    "_enabled": true,
    "_designResolution": {
      "__type__": "cc.Size",
      "width": 96,
      "height": 64
    },
    "_fitWidth": true,
    "_fitHeight": true,
    "_id": "4bn9WOtSVILL9HC1GYp10k"
  }
]