{
  "__type__": "cc.AnimationClip",
  "_name": "fish3",
  "_objFlags": 0,
  "_rawFiles": null,
  "_duration": 0.8,
  "sample": 5,
  "speed": 1,
  "wrapMode": "2",
  "curveData": {
    "comps": {
      "cc.Sprite": {
        "spriteFrame": [
          {
            "frame": 0,
            "value": {
              "__uuid__": "fb675824-9939-463d-982b-299353520add"
            }
          },
          {
            "frame": 0.2,
            "value": {
              "__uuid__": "50ecda31-0626-44e8-9719-e0f25626f7cb"
            }
          },
          {
            "frame": 0.4,
            "value": {
              "__uuid__": "3d2bc976-89e1-4910-9aee-73f73aad59a3"
            }
          },
          {
            "frame": 0.6,
            "value": {
              "__uuid__": "52d673c6-ab6a-4e67-9f5f-79691d4fb9a5"
            }
          }
        ]
      }
    }
  },
  "events": [
    {
      "frame": 0,
      "func": "",
      "params": []
    },
    {
      "frame": 0,
      "func": "",
      "params": []
    },
    {
      "frame": 0,
      "func": "",
      "params": []
    },
    {
      "frame": 0,
      "func": "",
      "params": []
    },
    {
      "frame": 0,
      "func": "",
      "params": []
    },
    {
      "frame": 0,
      "func": "",
      "params": []
    }
  ]
}