{
  "__type__": "cc.SpriteAtlas",
  "_name": "battery.plist",
  "_objFlags": 0,
  "_rawFiles": null,
  "_spriteFrames": {
    "1-1": {
      "__uuid__": "cc37ec5a-6598-4272-b3b3-7435cd870448"
    },
    "1-2": {
      "__uuid__": "33e9c582-bf44-4b88-98e8-4449bbb1a690"
    },
    "1-3": {
      "__uuid__": "b0be3cc1-dfad-465c-9130-9efd160bcd8b"
    },
    "1-4": {
      "__uuid__": "8d2b65d9-abc3-4de3-a963-13bd4321baf3"
    },
    "1-5": {
      "__uuid__": "426d6ef4-3fd7-4da2-b627-3d5f680c5b3c"
    },
    "2-1": {
      "__uuid__": "f367e3b5-21ac-40f5-abce-68ac618bd4c8"
    },
    "2-2": {
      "__uuid__": "d1f64915-e702-45af-86d5-2004c3464033"
    },
    "2-3": {
      "__uuid__": "507d0c8f-1346-46ea-8adf-f14766c55410"
    },
    "2-4": {
      "__uuid__": "dc7db193-17ad-4a15-bb46-a11d1ffa5d87"
    },
    "2-5": {
      "__uuid__": "dc199182-4537-4d59-8e84-89df78ae1314"
    },
    "3-1": {
      "__uuid__": "cd3e2ebd-a72d-4be1-838a-addedc9a763b"
    },
    "3-2": {
      "__uuid__": "5ab240a2-ed3d-41ba-a220-545261a12b3a"
    },
    "3-3": {
      "__uuid__": "c585bfcd-f756-452f-a54d-ace9175f2088"
    },
    "3-4": {
      "__uuid__": "55aecbb1-a3c4-417c-8eb4-eec37888693d"
    },
    "3-5": {
      "__uuid__": "0d48b9d2-ec4b-4fe1-a436-cf1af7fa896c"
    },
    "4-1": {
      "__uuid__": "c7ff7413-f1a9-4e03-a2ca-2a6d259baf4f"
    },
    "4-2": {
      "__uuid__": "10b572a8-682a-49c8-a031-f578b63c7e11"
    },
    "4-3": {
      "__uuid__": "193eb6ee-0f0f-4325-8c7b-734cd3bf6207"
    },
    "4-4": {
      "__uuid__": "4861387d-1350-44b1-9825-9efac6d31cb9"
    },
    "4-5": {
      "__uuid__": "f5c18e85-cda2-4f34-84d0-0f598325af1f"
    },
    "5-1": {
      "__uuid__": "3e638baa-5dff-475a-becd-f07265991245"
    },
    "5-2": {
      "__uuid__": "76aea635-ad98-454b-af4d-6a4be50311af"
    },
    "5-3": {
      "__uuid__": "17eba882-7898-4639-96a6-fb5621644a62"
    },
    "5-4": {
      "__uuid__": "89f0fac8-8240-44a6-84eb-2d39370ce4ec"
    },
    "5-5": {
      "__uuid__": "dec81689-6d70-4295-9d7d-d134c364f0f6"
    },
    "6-1": {
      "__uuid__": "cd094a78-bd07-4f02-ac85-4e886fa1f0ea"
    },
    "6-2": {
      "__uuid__": "7bc724e3-caac-4b0d-9655-23b9850a2d9e"
    },
    "6-3": {
      "__uuid__": "774ca515-796b-4764-ba23-a81becc5848e"
    },
    "6-4": {
      "__uuid__": "cdfaa6bd-9e41-48f6-962e-403d8a4ba335"
    },
    "6-5": {
      "__uuid__": "a15c293b-a9bc-4b99-9251-1ac3ea4fd9ca"
    },
    "7-1": {
      "__uuid__": "25924fce-4443-4723-9588-35fdb664bce6"
    },
    "7-2": {
      "__uuid__": "ba3b2b37-ec4a-4a45-a290-a88c5dfbf5cc"
    },
    "7-3": {
      "__uuid__": "bfd7840a-ee05-47bd-a378-0e116713de11"
    },
    "7-4": {
      "__uuid__": "7f79f14d-70a9-4501-93f6-48a44ba01491"
    },
    "7-5": {
      "__uuid__": "26d971ec-c58a-46b3-87e6-4d44da0b7269"
    }
  }
}