{
  "item-states": [
    {
      "folded": false,
      "id": "mount-assets"
    },
    {
      "folded": false,
      "id": "4f4242f4-a6d1-4b6f-abb2-f9f5b42df095"
    },
    {
      "folded": true,
      "id": "29f52784-2fca-467b-92e7-8fd9ef8c57b7"
    },
    {
      "folded": false,
      "id": "4734c20c-0db8-4eb2-92ea-e692f4d70934"
    },
    {
      "folded": false,
      "id": "83badb4e-2f22-4e0c-bd74-7746ea0947ee"
    },
    {
      "folded": false,
      "id": "d55b3586-9e22-454e-8818-017122ae2b22"
    },
    {
      "folded": false,
      "id": "b91b7348-dd45-4077-a91c-8c97a3b3832d"
    },
    {
      "folded": false,
      "id": "5d3ae5e5-89c0-413c-856d-ec882573def9"
    },
    {
      "folded": false,
      "id": "a9fb8cd9-545a-48b6-88a1-58aa0bd5c4dd"
    },
    {
      "folded": true,
      "id": "e6166d59-6870-4a35-a7e1-b247ee7048d6"
    },
    {
      "folded": false,
      "id": "79ecc2ed-e913-4eab-a7e0-64c3a609a461"
    },
    {
      "folded": true,
      "id": "b502f28f-34e1-40b2-8b3b-e189ba69caf6"
    },
    {
      "folded": false,
      "id": "0f968705-b235-4c8d-9e7b-d223a990af8b"
    },
    {
      "folded": false,
      "id": "13e2e04f-0af2-4225-a969-d4907d1c49ad"
    },
    {
      "folded": true,
      "id": "eedaa81a-8db7-4993-9027-1f605cf42ae5"
    },
    {
      "folded": true,
      "id": "03bd2785-8874-485b-ad3c-6f83c02bf7e3"
    },
    {
      "folded": false,
      "id": "261aa6b9-b1b9-461c-a65a-da4c82c9ce5f"
    },
    {
      "folded": false,
      "id": "mount-i18n-plugin"
    },
    {
      "folded": false,
      "id": "676d84ad-a8d1-4843-bdbb-6d570ed7c665"
    },
    {
      "folded": false,
      "id": "2a01c191-3341-4844-95af-168a37ced25c"
    },
    {
      "folded": true,
      "id": "e56062b1-5bb3-4964-8c93-a1405f7a5299"
    },
    {
      "folded": true,
      "id": "51583ffc-30b7-4e3c-9126-8a8b442bc4dd"
    },
    {
      "folded": true,
      "id": "18145638-33df-41d5-bbb0-bc23fb011b59"
    },
    {
      "folded": true,
      "id": "099f1720-d8d8-4a21-8366-d10331eb146d"
    },
    {
      "folded": true,
      "id": "a9415c1b-b85f-43e7-adad-f8893f946fc7"
    },
    {
      "folded": true,
      "id": "77c21b4e-b6eb-4d4c-9c52-5998e0ecffae"
    },
    {
      "folded": true,
      "id": "94091898-728a-448d-bd91-3b4b28cdaee3"
    },
    {
      "folded": true,
      "id": "6cbac312-fb3f-437c-9f39-23877c611970"
    },
    {
      "folded": true,
      "id": "0eb1ba07-2fba-4a56-83c2-b00ada827c96"
    },
    {
      "folded": true,
      "id": "da8ce6d4-5694-4751-98c3-08798f6650cc"
    },
    {
      "folded": true,
      "id": "e2624e03-e6b1-44ff-9a3f-0038cd789bcc"
    },
    {
      "folded": true,
      "id": "30a6cef2-500c-4d3a-a532-d328847a7ba0"
    },
    {
      "folded": true,
      "id": "857d6344-e0e3-4ef5-b607-7d88a2773a2c"
    },
    {
      "folded": true,
      "id": "639103a8-67a9-4f18-be80-95e43222de9f"
    },
    {
      "folded": true,
      "id": "b1586b7b-a28c-46bb-8fe9-d4d53c90b55b"
    },
    {
      "folded": true,
      "id": "21426844-41d6-46bf-9023-da78adbd0d96"
    },
    {
      "folded": true,
      "id": "13b1f2ba-f950-4666-913c-99201f5204e3"
    },
    {
      "folded": true,
      "id": "0e28cd3a-5266-41a0-869f-badb84422e34"
    },
    {
      "folded": true,
      "id": "3ff07855-c10b-49ba-b72b-6909bf08839d"
    },
    {
      "folded": true,
      "id": "2a28d3fc-b19c-4723-9ee6-1a1c1fc551dd"
    },
    {
      "folded": true,
      "id": "6c2f1f5d-60cb-453d-a026-98a186bb12ab"
    },
    {
      "folded": true,
      "id": "965f31c5-eccc-4e75-a01a-f0aeec9a917e"
    },
    {
      "folded": true,
      "id": "362282aa-6429-4084-8ec4-f67eb08a81b6"
    },
    {
      "folded": true,
      "id": "a7ce6f99-43fe-4099-85cd-59ce3d0068f2"
    },
    {
      "folded": true,
      "id": "c67bac7d-5814-4c0a-ac46-90373eccf80a"
    },
    {
      "folded": true,
      "id": "7492d33d-8aeb-4af6-a440-f023ab8fd3d4"
    },
    {
      "folded": true,
      "id": "541cd575-db52-416b-af4b-0ef2f1dce251"
    },
    {
      "folded": true,
      "id": "419d98d8-7d8d-468f-8a8d-b955effd1b89"
    },
    {
      "folded": true,
      "id": "7133a3cb-e4d7-4358-ba62-9cd783f5a1ac"
    },
    {
      "folded": true,
      "id": "d63799c5-ac0c-4148-964a-db4db9ae7c70"
    },
    {
      "folded": true,
      "id": "bf85ba8a-9f6e-4502-aff2-4fcd6fe8bded"
    },
    {
      "folded": true,
      "id": "f9992f47-e927-4e4e-b24c-ab6917f2b21e"
    },
    {
      "folded": true,
      "id": "2020288c-1769-4c94-9348-6e842e1dca86"
    },
    {
      "folded": true,
      "id": "9c2abaae-8aa1-4be0-8264-eb08b71b1b7c"
    },
    {
      "folded": true,
      "id": "a8ace75d-e178-4093-a186-67e0767a2854"
    },
    {
      "folded": true,
      "id": "3c347066-622e-4842-ab1c-7371f75c55ba"
    },
    {
      "folded": true,
      "id": "e3eaccfc-fc3d-4509-b21b-9c64e5538718"
    },
    {
      "folded": true,
      "id": "eca12ec5-353e-4617-b615-da9882a2c93a"
    },
    {
      "folded": true,
      "id": "f881c2dd-581d-44f5-befd-6a2cdcf13093"
    },
    {
      "folded": true,
      "id": "fd35cbf4-6c03-43ab-87a6-6de6f24be81d"
    },
    {
      "folded": true,
      "id": "06a870c7-44be-45d5-a126-450ce77f073b"
    },
    {
      "folded": true,
      "id": "af22bb29-2a4c-4362-acac-acb828fdb9c8"
    },
    {
      "folded": false,
      "id": "1990c224-3cb8-482a-b5c9-8469e24db872"
    },
    {
      "folded": true,
      "id": "17208f28-ed64-4dbb-bc33-0eb88c8a5f6a"
    },
    {
      "folded": true,
      "id": "95241b65-6e25-4103-8c5d-1d68e2a29c2a"
    },
    {
      "folded": false,
      "id": "mount-plugin-matchvs-js"
    },
    {
      "folded": true,
      "id": "9bdab9e4-1024-479d-8c3e-1e1309956238"
    }
  ]
}