{
  "version": "1.1.1",
  "windows": {
    "main": {
      "main": true,
      "url": "app://editor/index.html",
      "windowType": "dockable",
      "x": -8,
      "y": -8,
      "width": 1936,
      "height": 1056,
      "layout": {
        "children": [
          {
            "children": [
              {
                "active": 0,
                "children": [
                  "hierarchy"
                ],
                "height": 471,
                "type": "panel",
                "width": 315
              },
              {
                "active": 0,
                "children": [
                  "assets"
                ],
                "height": 455,
                "type": "panel",
                "width": 315
              }
            ],
            "height": 929,
            "type": "dock-v",
            "width": 315
          },
          {
            "children": [
              {
                "children": [
                  {
                    "active": 0,
                    "children": [
                      "scene"
                    ],
                    "height": 455,
                    "type": "panel",
                    "width": 817
                  },
                  {
                    "active": 0,
                    "children": [
                      "node-library"
                    ],
                    "height": 455,
                    "type": "panel",
                    "width": 310
                  }
                ],
                "height": 455,
                "type": "dock-h",
                "width": 1130
              },
              {
                "active": 0,
                "children": [
                  "console",
                  "timeline"
                ],
                "height": 471,
                "type": "panel",
                "width": 1130
              }
            ],
            "height": 929,
            "type": "dock-v",
            "width": 1130
          },
          {
            "active": 1,
            "children": [
              "inspector",
              "builder"
            ],
            "height": 929,
            "type": "panel",
            "width": 463
          }
        ],
        "type": "dock-h"
      },
      "panels": [
        "node-library",
        "console",
        "timeline",
        "inspector",
        "builder",
        "hierarchy",
        "assets",
        "scene"
      ]
    }
  },
  "panels": {
    "project-settings": {
      "x": 662,
      "y": 241,
      "width": 600,
      "height": 564
    },
    "builder": {
      "x": 702,
      "y": 141,
      "width": 516,
      "height": 738
    }
  }
}