{
  "__type__": "cc.AnimationClip",
  "_name": "coinAnim",
  "_objFlags": 0,
  "_rawFiles": null,
  "_duration": 0.3333333333333333,
  "sample": 30,
  "speed": 0.5,
  "wrapMode": 2,
  "curveData": {
    "comps": {
      "cc.Sprite": {
        "spriteFrame": [
          {
            "frame": 0,
            "value": {
              "__uuid__": "1055f83a-3eea-4ac2-a924-e59d777d38d3"
            }
          },
          {
            "frame": 0.03333333333333333,
            "value": {
              "__uuid__": "0629b0f8-0bd4-4efc-af37-8af592810fe9"
            }
          },
          {
            "frame": 0.06666666666666667,
            "value": {
              "__uuid__": "86765d0c-2f11-4ce1-99bc-6c78e7f011a6"
            }
          },
          {
            "frame": 0.1,
            "value": {
              "__uuid__": "76e55ef6-515f-447c-a0ae-c9c659b9e7f2"
            }
          },
          {
            "frame": 0.13333333333333333,
            "value": {
              "__uuid__": "e731af45-92a6-4aa8-9941-c83bf1e43f2b"
            }
          },
          {
            "frame": 0.16666666666666666,
            "value": {
              "__uuid__": "1aba8ef3-696e-4c7c-bab0-ef286c1deb27"
            }
          },
          {
            "frame": 0.2,
            "value": {
              "__uuid__": "07c0ecf4-bdaa-4996-9da4-7a577e08cb5d"
            }
          },
          {
            "frame": 0.23333333333333334,
            "value": {
              "__uuid__": "d5cb9890-2b80-4cda-b47f-0741029ec906"
            }
          },
          {
            "frame": 0.26666666666666666,
            "value": {
              "__uuid__": "4117c904-a565-437e-98ba-ddb855e984ee"
            }
          },
          {
            "frame": 0.3,
            "value": {
              "__uuid__": "49a87e42-b322-4d03-abaa-b7f6d2c12413"
            }
          }
        ]
      }
    }
  },
  "events": []
}