{
  "__type__": "cc.Model",
  "_name": "Red",
  "_objFlags": 0,
  "_native": "",
  "_buffers": [
    {
      "__uuid__": "f9f7ca69-97c0-4c51-a5dc-94c0dea86523"
    }
  ],
  "_gltf": {
    "asset": {
      "generator": "FBX2glTF",
      "version": "2.0"
    },
    "scene": 0,
    "buffers": [
      {
        "byteLength": 840,
        "uri": "buffer.bin"
      }
    ],
    "bufferViews": [
      {
        "buffer": 0,
        "byteLength": 72,
        "byteOffset": 0,
        "target": 34963
      },
      {
        "buffer": 0,
        "byteLength": 288,
        "byteOffset": 72,
        "target": 34962
      },
      {
        "buffer": 0,
        "byteLength": 288,
        "byteOffset": 360,
        "target": 34962
      },
      {
        "buffer": 0,
        "byteLength": 192,
        "byteOffset": 648,
        "target": 34962
      }
    ],
    "scenes": [
      {
        "name": "Root Scene",
        "nodes": [
          0
        ]
      }
    ],
    "accessors": [
      {
        "componentType": 5123,
        "type": "SCALAR",
        "count": 36,
        "bufferView": 0,
        "byteOffset": 0
      },
      {
        "componentType": 5126,
        "type": "VEC3",
        "count": 24,
        "bufferView": 1,
        "byteOffset": 0,
        "min": [
          -0.00499999988824129,
          -0.00499999988824129,
          -0.00499999988824129
        ],
        "max": [
          0.00499999988824129,
          0.00499999988824129,
          0.00499999988824129
        ]
      },
      {
        "componentType": 5126,
        "type": "VEC3",
        "count": 24,
        "bufferView": 2,
        "byteOffset": 0
      },
      {
        "componentType": 5126,
        "type": "VEC2",
        "count": 24,
        "bufferView": 3,
        "byteOffset": 0
      }
    ],
    "samplers": [
      {}
    ],
    "materials": [
      {
        "name": "blinn2",
        "alphaMode": "OPAQUE",
        "extras": {
          "fromFBX": {
            "shadingModel": "Phong",
            "isTruePBR": false
          }
        },
        "pbrMetallicRoughness": {
          "baseColorFactor": [
            0.800000011920929,
            0,
            0,
            1
          ],
          "metallicFactor": 0.400000005960464,
          "roughnessFactor": 0.490532398223877
        }
      }
    ],
    "meshes": [
      {
        "name": "pCube2",
        "primitives": [
          {
            "material": 0,
            "mode": 4,
            "attributes": {
              "NORMAL": 2,
              "POSITION": 1,
              "TEXCOORD_0": 3
            },
            "indices": 0
          }
        ]
      }
    ],
    "nodes": [
      {
        "name": "RootNode",
        "translation": [
          0,
          0,
          0
        ],
        "rotation": [
          0,
          0,
          0,
          1
        ],
        "scale": [
          1,
          1,
          1
        ],
        "children": [
          1
        ]
      },
      {
        "name": "pCube2",
        "translation": [
          0,
          0,
          0
        ],
        "rotation": [
          0,
          0,
          0,
          1
        ],
        "scale": [
          5,
          5,
          5
        ],
        "mesh": 0
      }
    ]
  }
}