{
  "f8e6b000-5643-4b86-9080-aa680ce1f599": {
    "asset": 1533642044389,
    "meta": 1530695500000,
    "relativePath": "image"
  },
  "fc09f9bd-2cce-4605-b630-8145ef809ed6": {
    "asset": 1533641996242,
    "meta": 1530695500000,
    "relativePath": "misc"
  },
  "2be36297-9abb-4fee-8049-9ed5e271da8a": {
    "asset": 1530695500000,
    "meta": 1530695500000,
    "relativePath": "misc\\default_video.mp4"
  },
  "f6e6dd15-71d1-4ffe-ace7-24fd39942c05": {
    "asset": 1533642005642,
    "meta": 1530695500000,
    "relativePath": "obsolete"
  },
  "b8223619-7e38-47c4-841f-9160c232495a": {
    "asset": 1530695500000,
    "meta": 1530695500000,
    "relativePath": "obsolete\\atom.plist"
  },
  "f743d2b6-b7ea-4c14-a55b-547ed4d0a045": {
    "asset": 1533641996271,
    "meta": 1530695500000,
    "relativePath": "particle"
  },
  "b2687ac4-099e-403c-a192-ff477686f4f5": {
    "asset": 1530695500000,
    "meta": 1530695500000,
    "relativePath": "particle\\atom.plist"
  },
  "ae6c6c98-11e4-452f-8758-75f5c6a56e83": {
    "asset": 1533642118541,
    "meta": 1530695500000,
    "relativePath": "prefab"
  },
  "29f52784-2fca-467b-92e7-8fd9ef8c57b7": {
    "asset": 1534297106720,
    "meta": 1534144843804,
    "relativePath": "Scene"
  },
  "4734c20c-0db8-4eb2-92ea-e692f4d70934": {
    "asset": 1534297106738,
    "meta": 1534144843804,
    "relativePath": "Script"
  },
  "13e2e04f-0af2-4225-a969-d4907d1c49ad": {
    "asset": 1534144915109,
    "meta": 1534215907559,
    "relativePath": "resources\\bg.jpg"
  },
  "676d84ad-a8d1-4843-bdbb-6d570ed7c665": {
    "asset": 1534144923420,
    "meta": 1534215907528,
    "relativePath": "resources\\btn_add.png"
  },
  "2a01c191-3341-4844-95af-168a37ced25c": {
    "asset": 1534144923419,
    "meta": 1534215907541,
    "relativePath": "resources\\btn_minus.png"
  },
  "261aa6b9-b1b9-461c-a65a-da4c82c9ce5f": {
    "asset": 1534144932366,
    "meta": 1534215907601,
    "relativePath": "resources\\buttom.png"
  },
  "79ecc2ed-e913-4eab-a7e0-64c3a609a461": {
    "asset": 1534297106699,
    "meta": 1534145024833,
    "relativePath": "resources\\flue"
  },
  "18145638-33df-41d5-bbb0-bc23fb011b59": {
    "asset": 1534145041034,
    "meta": 1534215908428,
    "relativePath": "resources\\flue\\flue2.png"
  },
  "e56062b1-5bb3-4964-8c93-a1405f7a5299": {
    "asset": 1534145041036,
    "meta": 1534215908410,
    "relativePath": "resources\\flue\\flue1.png"
  },
  "51583ffc-30b7-4e3c-9126-8a8b442bc4dd": {
    "asset": 1534145041036,
    "meta": 1534215908443,
    "relativePath": "resources\\flue\\flue3.png"
  },
  "03bd2785-8874-485b-ad3c-6f83c02bf7e3": {
    "asset": 1534297106492,
    "meta": 1534145063598,
    "relativePath": "resources\\battery"
  },
  "95241b65-6e25-4103-8c5d-1d68e2a29c2a": {
    "asset": 1534145063588,
    "meta": 1534215908971,
    "relativePath": "resources\\battery\\battery.plist"
  },
  "17208f28-ed64-4dbb-bc33-0eb88c8a5f6a": {
    "asset": 1534145063592,
    "meta": 1534215907515,
    "relativePath": "resources\\battery\\battery.png"
  },
  "eedaa81a-8db7-4993-9027-1f605cf42ae5": {
    "asset": 1534297106504,
    "meta": 1534145066676,
    "relativePath": "resources\\bullet"
  },
  "1990c224-3cb8-482a-b5c9-8469e24db872": {
    "asset": 1534145066664,
    "meta": 1534215908996,
    "relativePath": "resources\\bullet\\bullet.plist"
  },
  "f9992f47-e927-4e4e-b24c-ab6917f2b21e": {
    "asset": 1534145066667,
    "meta": 1534215907577,
    "relativePath": "resources\\bullet\\bullet.png"
  },
  "0f968705-b235-4c8d-9e7b-d223a990af8b": {
    "asset": 1534297106554,
    "meta": 1534145069873,
    "relativePath": "resources\\coin"
  },
  "7492d33d-8aeb-4af6-a440-f023ab8fd3d4": {
    "asset": 1534145069850,
    "meta": 1534215907619,
    "relativePath": "resources\\coin\\coin2-1.png"
  },
  "e3eaccfc-fc3d-4509-b21b-9c64e5538718": {
    "asset": 1534145069851,
    "meta": 1534215907638,
    "relativePath": "resources\\coin\\coin2-10.png"
  },
  "419d98d8-7d8d-468f-8a8d-b955effd1b89": {
    "asset": 1534145069854,
    "meta": 1534215907658,
    "relativePath": "resources\\coin\\coin2-2.png"
  },
  "6cbac312-fb3f-437c-9f39-23877c611970": {
    "asset": 1534145069856,
    "meta": 1534215907671,
    "relativePath": "resources\\coin\\coin2-3.png"
  },
  "541cd575-db52-416b-af4b-0ef2f1dce251": {
    "asset": 1534145069858,
    "meta": 1534215907701,
    "relativePath": "resources\\coin\\coin2-4.png"
  },
  "c67bac7d-5814-4c0a-ac46-90373eccf80a": {
    "asset": 1534145069860,
    "meta": 1534215907712,
    "relativePath": "resources\\coin\\coin2-5.png"
  },
  "a7ce6f99-43fe-4099-85cd-59ce3d0068f2": {
    "asset": 1534145069858,
    "meta": 1534215907736,
    "relativePath": "resources\\coin\\coin2-6.png"
  },
  "6c2f1f5d-60cb-453d-a026-98a186bb12ab": {
    "asset": 1534145069860,
    "meta": 1534215907755,
    "relativePath": "resources\\coin\\coin2-7.png"
  },
  "2a28d3fc-b19c-4723-9ee6-1a1c1fc551dd": {
    "asset": 1534145069863,
    "meta": 1534215907778,
    "relativePath": "resources\\coin\\coin2-8.png"
  },
  "3ff07855-c10b-49ba-b72b-6909bf08839d": {
    "asset": 1534145069863,
    "meta": 1534215907799,
    "relativePath": "resources\\coin\\coin2-9.png"
  },
  "e6166d59-6870-4a35-a7e1-b247ee7048d6": {
    "asset": 1534297106712,
    "meta": 1534145073140,
    "relativePath": "resources\\font"
  },
  "09d67d11-c58e-4b01-a919-ef1ad77bec5a": {
    "asset": 1534145073129,
    "meta": 1534215909045,
    "relativePath": "resources\\font\\mikado_outline_shadow.fnt"
  },
  "9bdab9e4-1024-479d-8c3e-1e1309956238": {
    "asset": 1534145073135,
    "meta": 1534215908784,
    "relativePath": "resources\\font\\mikado_outline_shadow.png"
  },
  "b502f28f-34e1-40b2-8b3b-e189ba69caf6": {
    "asset": 1534297106682,
    "meta": 1534145100735,
    "relativePath": "resources\\fish"
  },
  "13b1f2ba-f950-4666-913c-99201f5204e3": {
    "asset": 1534145100576,
    "meta": 1534215907813,
    "relativePath": "resources\\fish\\fish1-1.png"
  },
  "21426844-41d6-46bf-9023-da78adbd0d96": {
    "asset": 1534145100579,
    "meta": 1534215907842,
    "relativePath": "resources\\fish\\fish1-2.png"
  },
  "b1586b7b-a28c-46bb-8fe9-d4d53c90b55b": {
    "asset": 1534145100580,
    "meta": 1534215907851,
    "relativePath": "resources\\fish\\fish1-3.png"
  },
  "639103a8-67a9-4f18-be80-95e43222de9f": {
    "asset": 1534145100581,
    "meta": 1534215907878,
    "relativePath": "resources\\fish\\fish1-4.png"
  },
  "857d6344-e0e3-4ef5-b607-7d88a2773a2c": {
    "asset": 1534145100582,
    "meta": 1534215907886,
    "relativePath": "resources\\fish\\fish1-5.png"
  },
  "30a6cef2-500c-4d3a-a532-d328847a7ba0": {
    "asset": 1534145100583,
    "meta": 1534215907925,
    "relativePath": "resources\\fish\\fish1-6.png"
  },
  "e2624e03-e6b1-44ff-9a3f-0038cd789bcc": {
    "asset": 1534145100585,
    "meta": 1534215907931,
    "relativePath": "resources\\fish\\fish1-7.png"
  },
  "a9415c1b-b85f-43e7-adad-f8893f946fc7": {
    "asset": 1534145100586,
    "meta": 1534215907969,
    "relativePath": "resources\\fish\\fish1-8.png"
  },
  "099f1720-d8d8-4a21-8366-d10331eb146d": {
    "asset": 1534145100587,
    "meta": 1534215907976,
    "relativePath": "resources\\fish\\fish2-1.png"
  },
  "362282aa-6429-4084-8ec4-f67eb08a81b6": {
    "asset": 1534145100588,
    "meta": 1534215908011,
    "relativePath": "resources\\fish\\fish2-2.png"
  },
  "965f31c5-eccc-4e75-a01a-f0aeec9a917e": {
    "asset": 1534145100593,
    "meta": 1534215908018,
    "relativePath": "resources\\fish\\fish2-3.png"
  },
  "0e28cd3a-5266-41a0-869f-badb84422e34": {
    "asset": 1534145100590,
    "meta": 1534215908046,
    "relativePath": "resources\\fish\\fish2-4.png"
  },
  "0eb1ba07-2fba-4a56-83c2-b00ada827c96": {
    "asset": 1534145100591,
    "meta": 1534215908059,
    "relativePath": "resources\\fish\\fish2-5.png"
  },
  "94091898-728a-448d-bd91-3b4b28cdaee3": {
    "asset": 1534145100629,
    "meta": 1534215908086,
    "relativePath": "resources\\fish\\fish2-6.png"
  },
  "da8ce6d4-5694-4751-98c3-08798f6650cc": {
    "asset": 1534145100594,
    "meta": 1534215908098,
    "relativePath": "resources\\fish\\fish2-7.png"
  },
  "77c21b4e-b6eb-4d4c-9c52-5998e0ecffae": {
    "asset": 1534145100594,
    "meta": 1534215908132,
    "relativePath": "resources\\fish\\fish2-8.png"
  },
  "9c2abaae-8aa1-4be0-8264-eb08b71b1b7c": {
    "asset": 1534145100664,
    "meta": 1534215908147,
    "relativePath": "resources\\fish\\shark2-1.png"
  },
  "06a870c7-44be-45d5-a126-450ce77f073b": {
    "asset": 1534145100666,
    "meta": 1534215908176,
    "relativePath": "resources\\fish\\shark2-10.png"
  },
  "af22bb29-2a4c-4362-acac-acb828fdb9c8": {
    "asset": 1534145100667,
    "meta": 1534215908196,
    "relativePath": "resources\\fish\\shark2-11.png"
  },
  "fd35cbf4-6c03-43ab-87a6-6de6f24be81d": {
    "asset": 1534145100667,
    "meta": 1534215908228,
    "relativePath": "resources\\fish\\shark2-12.png"
  },
  "f881c2dd-581d-44f5-befd-6a2cdcf13093": {
    "asset": 1534145100668,
    "meta": 1534215908247,
    "relativePath": "resources\\fish\\shark2-2.png"
  },
  "2020288c-1769-4c94-9348-6e842e1dca86": {
    "asset": 1534145100668,
    "meta": 1534215908272,
    "relativePath": "resources\\fish\\shark2-3.png"
  },
  "bf85ba8a-9f6e-4502-aff2-4fcd6fe8bded": {
    "asset": 1534145100670,
    "meta": 1534215908297,
    "relativePath": "resources\\fish\\shark2-4.png"
  },
  "d63799c5-ac0c-4148-964a-db4db9ae7c70": {
    "asset": 1534145100670,
    "meta": 1534215908325,
    "relativePath": "resources\\fish\\shark2-5.png"
  },
  "7133a3cb-e4d7-4358-ba62-9cd783f5a1ac": {
    "asset": 1534145100671,
    "meta": 1534215908344,
    "relativePath": "resources\\fish\\shark2-6.png"
  },
  "eca12ec5-353e-4617-b615-da9882a2c93a": {
    "asset": 1534145100672,
    "meta": 1534215908370,
    "relativePath": "resources\\fish\\shark2-7.png"
  },
  "3c347066-622e-4842-ab1c-7371f75c55ba": {
    "asset": 1534145100672,
    "meta": 1534215908393,
    "relativePath": "resources\\fish\\shark2-8.png"
  },
  "a8ace75d-e178-4093-a186-67e0767a2854": {
    "asset": 1534145100673,
    "meta": 1534215908420,
    "relativePath": "resources\\fish\\shark2-9.png"
  },
  "83badb4e-2f22-4e0c-bd74-7746ea0947ee": {
    "asset": 1534297106438,
    "meta": 1534148404402,
    "relativePath": "prafab"
  },
  "3538e168-4adf-43c6-a113-be45aee97b1e": {
    "asset": 1534214886821,
    "meta": 1534214886858,
    "relativePath": "prafab\\bullet\\bullet1.prefab"
  },
  "41366ef5-91ab-4f96-b471-f92eb209e48d": {
    "asset": 1534214900996,
    "meta": 1534214901012,
    "relativePath": "prafab\\bullet\\bullet2.prefab"
  },
  "82f94ca1-7959-4627-b75e-8c621fd9bbd4": {
    "asset": 1534230816344,
    "meta": 1534230816375,
    "relativePath": "prafab\\bullet\\bullet3.prefab"
  },
  "d0a8a967-055f-4fdf-8c95-bd01d1253d12": {
    "asset": 1534154668491,
    "meta": 1534154668535,
    "relativePath": "anim\\fish1.anim"
  },
  "e0973f37-dfc2-41c8-8bee-f89d10535cea": {
    "asset": 1534218842534,
    "meta": 1534218842559,
    "relativePath": "prafab\\fish\\fish1.prefab"
  },
  "ae87b1f2-68e8-4b0e-9874-3d874f9aa8d5": {
    "asset": 1534218856754,
    "meta": 1534218856791,
    "relativePath": "prafab\\fish\\fish3.prefab"
  },
  "bc4cbb18-292a-47b0-9c2d-84edd3403d93": {
    "asset": 1534218848569,
    "meta": 1534218848618,
    "relativePath": "prafab\\fish\\fish2.prefab"
  },
  "a9fb8cd9-545a-48b6-88a1-58aa0bd5c4dd": {
    "asset": 1534297106419,
    "meta": 1534153364355,
    "relativePath": "prafab\\bullet"
  },
  "5d3ae5e5-89c0-413c-856d-ec882573def9": {
    "asset": 1534297106435,
    "meta": 1534153375919,
    "relativePath": "prafab\\fish"
  },
  "e851e89b-faa2-4484-bea6-5c01dd9f06e2": {
    "asset": 1530695500000,
    "meta": 1539140604032,
    "relativePath": "image\\default_btn_normal.png"
  },
  "71561142-4c83-4933-afca-cb7a17f67053": {
    "asset": 1530695500000,
    "meta": 1539140604039,
    "relativePath": "image\\default_btn_disabled.png"
  },
  "b43ff3c2-02bb-4874-81f7-f2dea6970f18": {
    "asset": 1530695500000,
    "meta": 1539140604070,
    "relativePath": "image\\default_btn_pressed.png"
  },
  "d81ec8ad-247c-4e62-aa3c-d35c4193c7af": {
    "asset": 1530695500000,
    "meta": 1539140604077,
    "relativePath": "image\\default_panel.png"
  },
  "cfef78f1-c8df-49b7-8ed0-4c953ace2621": {
    "asset": 1530695500000,
    "meta": 1539140604091,
    "relativePath": "image\\default_progressbar.png"
  },
  "99170b0b-d210-46f1-b213-7d9e3f23098a": {
    "asset": 1530695500000,
    "meta": 1539140604097,
    "relativePath": "image\\default_progressbar_bg.png"
  },
  "567dcd80-8bf4-4535-8a5a-313f1caf078a": {
    "asset": 1530695500000,
    "meta": 1539140604116,
    "relativePath": "image\\default_radio_button_off.png"
  },
  "9d60001f-b5f4-4726-a629-2659e3ded0b8": {
    "asset": 1530695500000,
    "meta": 1539140604110,
    "relativePath": "image\\default_radio_button_on.png"
  },
  "4bab67cb-18e6-4099-b840-355f0473f890": {
    "asset": 1530695500000,
    "meta": 1539140604128,
    "relativePath": "image\\default_scrollbar_bg.png"
  },
  "617323dd-11f4-4dd3-8eec-0caf6b3b45b9": {
    "asset": 1530695500000,
    "meta": 1539140604134,
    "relativePath": "image\\default_scrollbar_vertical_bg.png"
  },
  "d6d3ca85-4681-47c1-b5dd-d036a9d39ea2": {
    "asset": 1530695500000,
    "meta": 1539140604147,
    "relativePath": "image\\default_scrollbar_vertical.png"
  },
  "0291c134-b3da-4098-b7b5-e397edbe947f": {
    "asset": 1530695500000,
    "meta": 1539140604153,
    "relativePath": "image\\default_scrollbar.png"
  },
  "0275e94c-56a7-410f-bd1a-fc7483f7d14a": {
    "asset": 1530695500000,
    "meta": 1539140604171,
    "relativePath": "image\\default_sprite_splash.png"
  },
  "6e056173-d285-473c-b206-40a7fff5386e": {
    "asset": 1530695500000,
    "meta": 1539140604175,
    "relativePath": "image\\default_sprite.png"
  },
  "c25b9d50-c8fc-4d27-beeb-6e7c1f2e5c0f": {
    "asset": 1530695500000,
    "meta": 1539140604192,
    "relativePath": "image\\default_toggle_disabled.png"
  },
  "73a0903d-d80e-4e3c-aa67-f999543c08f5": {
    "asset": 1530695500000,
    "meta": 1539140604187,
    "relativePath": "image\\default_toggle_checkmark.png"
  },
  "b181c1e4-0a72-4a91-bfb0-ae6f36ca60bd": {
    "asset": 1530695500000,
    "meta": 1539140604212,
    "relativePath": "image\\default_toggle_pressed.png"
  },
  "d29077ba-1627-4a72-9579-7b56a235340c": {
    "asset": 1530695500000,
    "meta": 1539140604204,
    "relativePath": "image\\default_toggle_normal.png"
  },
  "972b9a4d-47ee-4c74-b5c3-61d8a69bc29f": {
    "asset": 1530695500000,
    "meta": 1539140604220,
    "relativePath": "prefab\\button.prefab"
  },
  "2c937608-2562-40ea-b264-7395df6f0cea": {
    "asset": 1530695500000,
    "meta": 1539140604225,
    "relativePath": "prefab\\canvas.prefab"
  },
  "61aeb05b-3b32-452b-8eed-2b76deeed554": {
    "asset": 1530695500000,
    "meta": 1539140604230,
    "relativePath": "prefab\\editbox.prefab"
  },
  "27756ebb-3d33-44b0-9b96-e858fadd4dd4": {
    "asset": 1530695500000,
    "meta": 1539140604235,
    "relativePath": "prefab\\label.prefab"
  },
  "785a442c-3ceb-45be-a46e-7317f625f3b9": {
    "asset": 1530695500000,
    "meta": 1539140604240,
    "relativePath": "prefab\\layout.prefab"
  },
  "ca8401fe-ad6e-41a8-bd46-8e3e4e9945be": {
    "asset": 1530695500000,
    "meta": 1539140604252,
    "relativePath": "prefab\\pageview.prefab"
  },
  "cd33edea-55f5-46c2-958d-357a01384a36": {
    "asset": 1530695500000,
    "meta": 1539140604275,
    "relativePath": "prefab\\particlesystem.prefab"
  },
  "5965ffac-69da-4b55-bcde-9225d0613c28": {
    "asset": 1530695500000,
    "meta": 1539140604283,
    "relativePath": "prefab\\progressBar.prefab"
  },
  "4a37dd57-78cd-4cec-aad4-f11a73d12b63": {
    "asset": 1530695500000,
    "meta": 1539140604289,
    "relativePath": "prefab\\richtext.prefab"
  },
  "32044bd2-481f-4cf1-a656-e2b2fb1594eb": {
    "asset": 1530695500000,
    "meta": 1539140604294,
    "relativePath": "prefab\\scrollview.prefab"
  },
  "0004d1cf-a0ad-47d8-ab17-34d3db9d35a3": {
    "asset": 1530695500000,
    "meta": 1539140604300,
    "relativePath": "prefab\\slider.prefab"
  },
  "1f55e3be-b89b-4b79-88de-47fd31018044": {
    "asset": 1530695500000,
    "meta": 1539140604305,
    "relativePath": "prefab\\sprite_splash.prefab"
  },
  "96083d03-c332-4a3f-9386-d03e2d19e8ee": {
    "asset": 1530695500000,
    "meta": 1539140604310,
    "relativePath": "prefab\\sprite.prefab"
  },
  "7de03a80-4457-438d-95a7-3e7cdffd6086": {
    "asset": 1530695500000,
    "meta": 1539140604315,
    "relativePath": "prefab\\tiledmap.prefab"
  },
  "0d784963-d024-4ea6-a7db-03be0ad63010": {
    "asset": 1530695500000,
    "meta": 1539140604320,
    "relativePath": "prefab\\toggle.prefab"
  },
  "bf0a434c-84dd-4a8e-a08a-7a36f180cc75": {
    "asset": 1530695500000,
    "meta": 1539140604325,
    "relativePath": "prefab\\toggleContainer.prefab"
  },
  "d1b8be49-b0a0-435c-83b7-552bed4bbe35": {
    "asset": 1530695500000,
    "meta": 1539140604331,
    "relativePath": "prefab\\toggleGroup.prefab"
  },
  "232d2782-c4bd-4bb4-9e01-909f03d6d3b9": {
    "asset": 1530695500000,
    "meta": 1539140604335,
    "relativePath": "prefab\\videoplayer.prefab"
  },
  "8c5001fd-07ee-4a4b-a8a0-63e15195e94d": {
    "asset": 1530695500000,
    "meta": 1539140604339,
    "relativePath": "prefab\\webview.prefab"
  },
  "a7b07ca4-4f9e-4e36-8ff7-859d1b590364": {
    "asset": 1534155915748,
    "meta": 1534155915795,
    "relativePath": "anim\\fish2.anim"
  },
  "693a5ee7-08d4-4c35-b618-1a3b275ff423": {
    "asset": 1534218365018,
    "meta": 1534218365059,
    "relativePath": "anim\\fish3.anim"
  },
  "4f4242f4-a6d1-4b6f-abb2-f9f5b42df095": {
    "asset": 1534297106387,
    "meta": 1534153269648,
    "relativePath": "anim"
  },
  "2d2f792f-a40c-49bb-a189-ed176a246e49": {
    "asset": 1534230837892,
    "meta": 1534230837916,
    "relativePath": "Scene\\game.fire"
  },
  "d55b3586-9e22-454e-8818-017122ae2b22": {
    "asset": 1539140604521,
    "meta": 1534215907027,
    "relativePath": "resources"
  },
  "b91b7348-dd45-4077-a91c-8c97a3b3832d": {
    "asset": 1534297106442,
    "meta": 1534216637276,
    "relativePath": "prafab\\flue"
  },
  "f426907f-e9d1-4266-ad54-8b18c4cf3719": {
    "asset": 1534217013456,
    "meta": 1534217013483,
    "relativePath": "prafab\\flue\\flue1.prefab"
  },
  "27a3d1ba-5a77-4cd2-855d-db7cfde4bada": {
    "asset": 1534218415214,
    "meta": 1534218415235,
    "relativePath": "anim\\coinAnim.anim"
  },
  "c47690d6-5ddf-492a-8004-f6760f186905": {
    "asset": 1534218938701,
    "meta": 1534218938747,
    "relativePath": "prafab\\coin.prefab"
  },
  "cf8b5e11-c778-4097-a085-b884a982b78e": {
    "asset": 1534230113385,
    "meta": 1534230114410,
    "relativePath": "Script\\fish.ts"
  },
  "c1aabb6b-211e-497b-9602-7780cb3bb2d2": {
    "asset": 1534230788580,
    "meta": 1534230790216,
    "relativePath": "Script\\bullet.ts"
  },
  "e1b90feb-a217-4493-849d-9a611900d683": {
    "asset": 1536285063705,
    "meta": 1539140605294,
    "relativePath": "Script\\game.ts"
  },
  "61de0eb6-9f87-49ed-933d-fd776e9a8ce7": {
    "asset": 1536307550082,
    "meta": 1539140578685,
    "relativePath": "LanguageData.js"
  },
  "744dcb38-0c27-4da6-b361-1b4c70aba14a": {
    "asset": 1536307550086,
    "meta": 1539140578749,
    "relativePath": "LocalizedLabel.js"
  },
  "f34acd86-1a25-4e05-b1ba-5e57ef8183f8": {
    "asset": 1536307550090,
    "meta": 1539140579042,
    "relativePath": "LocalizedSprite.js"
  },
  "e26fdf72-cbae-40e2-adff-264a559c5620": {
    "asset": 1536307550094,
    "meta": 1539140579057,
    "relativePath": "polyglot.min.js"
  },
  "9701943c-d23a-44d9-87f3-e336ee09906a": {
    "asset": 1536307550099,
    "meta": 1539140579079,
    "relativePath": "SpriteFrameSet.js"
  },
  "f772d4ee-8495-4ea8-874e-82335e1613d7": {
    "asset": 1536307896128,
    "meta": 1539140603646,
    "relativePath": "matchvs.all.js"
  },
  "44e9f825-714d-43e6-8e55-a94755940f91": {
    "asset": 1539140575550,
    "meta": 1539140604522,
    "relativePath": "resources\\i18n"
  }
}