{
  "__type__": "cc.SpriteAtlas",
  "_name": "bullet.plist",
  "_objFlags": 0,
  "_rawFiles": null,
  "_spriteFrames": {
    "bullet1": {
      "__uuid__": "d4215fe4-3c4a-4113-b5dd-de74421f99fc"
    },
    "bullet2": {
      "__uuid__": "60079c76-59f9-4f2f-9759-b0b484dacf3b"
    },
    "bullet3": {
      "__uuid__": "7f13c019-eb49-43e3-8b20-fe1aa41ce45a"
    },
    "bullet4": {
      "__uuid__": "0ba0a2c1-686d-4359-827d-ead7e4c4eeb7"
    },
    "bullet5": {
      "__uuid__": "df88ac84-6c8e-47f4-a387-c792382aec34"
    },
    "bullet6": {
      "__uuid__": "02fc358c-fae3-4dc2-845f-0fd58859332b"
    },
    "bullet7": {
      "__uuid__": "81389536-1841-4110-9154-12d9416b62cb"
    },
    "bullet8": {
      "__uuid__": "b2bdf474-da2d-40ec-908b-47a4f5c652c8"
    }
  }
}