{
  "version": "1.1.1",
  "windows": {
    "main": {
      "main": true,
      "url": "app://editor/index.html",
      "windowType": "dockable",
      "x": -8,
      "y": -8,
      "width": 1296,
      "height": 696,
      "layout": {
        "children": [
          {
            "children": [
              {
                "active": 0,
                "children": [
                  "hierarchy"
                ],
                "height": 307.1145935058594,
                "type": "panel",
                "width": 261
              },
              {
                "active": 0,
                "children": [
                  "assets"
                ],
                "height": 267.09375,
                "type": "panel",
                "width": 261
              }
            ],
            "height": 576.2083740234375,
            "type": "dock-v",
            "width": 261
          },
          {
            "active": 0,
            "children": [
              "scene"
            ],
            "height": 576.2083740234375,
            "type": "panel",
            "width": 624
          },
          {
            "active": 0,
            "children": [
              "inspector",
              "node-library"
            ],
            "height": 576.2083740234375,
            "type": "panel",
            "width": 391
          }
        ],
        "type": "dock-h"
      },
      "panels": [
        "hierarchy",
        "assets",
        "inspector",
        "node-library",
        "scene"
      ]
    }
  },
  "panels": {
    "console": {
      "x": 430,
      "y": 160,
      "width": 420,
      "height": 338
    },
    "builder": {
      "x": 306,
      "y": 0,
      "width": 671,
      "height": 680
    }
  }
}