{
  "__type__": "cc.Model",
  "_name": "qiuqiu",
  "_objFlags": 0,
  "_native": "",
  "_buffers": [
    {
      "__uuid__": "fa1209e6-1290-4285-be1d-c3ef81eeefbb"
    }
  ],
  "_gltf": {
    "asset": {
      "generator": "FBX2glTF",
      "version": "2.0"
    },
    "scene": 0,
    "buffers": [
      {
        "byteLength": 22640,
        "uri": "buffer.bin"
      }
    ],
    "bufferViews": [
      {
        "buffer": 0,
        "byteLength": 720,
        "byteOffset": 0,
        "target": 34963
      },
      {
        "buffer": 0,
        "byteLength": 1092,
        "byteOffset": 720,
        "target": 34962
      },
      {
        "buffer": 0,
        "byteLength": 1092,
        "byteOffset": 1812,
        "target": 34962
      },
      {
        "buffer": 0,
        "byteLength": 728,
        "byteOffset": 2904,
        "target": 34962
      },
      {
        "buffer": 0,
        "byteLength": 1248,
        "byteOffset": 3632,
        "target": 34963
      },
      {
        "buffer": 0,
        "byteLength": 2148,
        "byteOffset": 4880,
        "target": 34962
      },
      {
        "buffer": 0,
        "byteLength": 2148,
        "byteOffset": 7028,
        "target": 34962
      },
      {
        "buffer": 0,
        "byteLength": 1432,
        "byteOffset": 9176,
        "target": 34962
      },
      {
        "buffer": 0,
        "byteLength": 24,
        "byteOffset": 10608,
        "target": 34963
      },
      {
        "buffer": 0,
        "byteLength": 72,
        "byteOffset": 10632,
        "target": 34962
      },
      {
        "buffer": 0,
        "byteLength": 72,
        "byteOffset": 10704,
        "target": 34962
      },
      {
        "buffer": 0,
        "byteLength": 48,
        "byteOffset": 10776,
        "target": 34962
      },
      {
        "buffer": 0,
        "byteLength": 1152,
        "byteOffset": 10824,
        "target": 34963
      },
      {
        "buffer": 0,
        "byteLength": 1428,
        "byteOffset": 11976,
        "target": 34962
      },
      {
        "buffer": 0,
        "byteLength": 1428,
        "byteOffset": 13404,
        "target": 34962
      },
      {
        "buffer": 0,
        "byteLength": 952,
        "byteOffset": 14832,
        "target": 34962
      },
      {
        "buffer": 0,
        "byteLength": 984,
        "byteOffset": 15784,
        "target": 34963
      },
      {
        "buffer": 0,
        "byteLength": 1428,
        "byteOffset": 16768,
        "target": 34962
      },
      {
        "buffer": 0,
        "byteLength": 1428,
        "byteOffset": 18196,
        "target": 34962
      },
      {
        "buffer": 0,
        "byteLength": 952,
        "byteOffset": 19624,
        "target": 34962
      },
      {
        "buffer": 0,
        "byteLength": 432,
        "byteOffset": 20576,
        "target": 34963
      },
      {
        "buffer": 0,
        "byteLength": 612,
        "byteOffset": 21008,
        "target": 34962
      },
      {
        "buffer": 0,
        "byteLength": 612,
        "byteOffset": 21620,
        "target": 34962
      },
      {
        "buffer": 0,
        "byteLength": 408,
        "byteOffset": 22232,
        "target": 34962
      }
    ],
    "scenes": [
      {
        "name": "Root Scene",
        "nodes": [
          0
        ]
      }
    ],
    "accessors": [
      {
        "componentType": 5123,
        "type": "SCALAR",
        "count": 360,
        "bufferView": 0,
        "byteOffset": 0
      },
      {
        "componentType": 5126,
        "type": "VEC3",
        "count": 91,
        "bufferView": 1,
        "byteOffset": 0,
        "min": [
          -0.00309017091058195,
          -0.00999999977648258,
          -0.00309017184190452
        ],
        "max": [
          0.00309017021209002,
          0.00999999977648258,
          0.00309017044492066
        ]
      },
      {
        "componentType": 5126,
        "type": "VEC3",
        "count": 91,
        "bufferView": 2,
        "byteOffset": 0
      },
      {
        "componentType": 5126,
        "type": "VEC2",
        "count": 91,
        "bufferView": 3,
        "byteOffset": 0
      },
      {
        "componentType": 5123,
        "type": "SCALAR",
        "count": 624,
        "bufferView": 4,
        "byteOffset": 0
      },
      {
        "componentType": 5126,
        "type": "VEC3",
        "count": 179,
        "bufferView": 5,
        "byteOffset": 0,
        "min": [
          -0.00431770784780383,
          -0.00951056554913521,
          -0.0100000044330955
        ],
        "max": [
          0.00475528603419662,
          0.00951056554913521,
          0.0100000007078052
        ]
      },
      {
        "componentType": 5126,
        "type": "VEC3",
        "count": 179,
        "bufferView": 6,
        "byteOffset": 0
      },
      {
        "componentType": 5126,
        "type": "VEC2",
        "count": 179,
        "bufferView": 7,
        "byteOffset": 0
      },
      {
        "componentType": 5123,
        "type": "SCALAR",
        "count": 12,
        "bufferView": 8,
        "byteOffset": 0
      },
      {
        "componentType": 5126,
        "type": "VEC3",
        "count": 6,
        "bufferView": 9,
        "byteOffset": 0,
        "min": [
          -0.00453990651294589,
          -0.00951056554913521,
          -0.00140290812123567
        ],
        "max": [
          -0.0029389273840934,
          -0.00891006551682949,
          0.00140290812123567
        ]
      },
      {
        "componentType": 5126,
        "type": "VEC3",
        "count": 6,
        "bufferView": 10,
        "byteOffset": 0
      },
      {
        "componentType": 5126,
        "type": "VEC2",
        "count": 6,
        "bufferView": 11,
        "byteOffset": 0
      },
      {
        "componentType": 5123,
        "type": "SCALAR",
        "count": 576,
        "bufferView": 12,
        "byteOffset": 0
      },
      {
        "componentType": 5126,
        "type": "VEC3",
        "count": 119,
        "bufferView": 13,
        "byteOffset": 0,
        "min": [
          0.00249999994412065,
          -0.00891006551682949,
          -0.00951057020574808
        ],
        "max": [
          0.00999999977648258,
          0.00891006551682949,
          0.00951056648045778
        ]
      },
      {
        "componentType": 5126,
        "type": "VEC3",
        "count": 119,
        "bufferView": 14,
        "byteOffset": 0
      },
      {
        "componentType": 5126,
        "type": "VEC2",
        "count": 119,
        "bufferView": 15,
        "byteOffset": 0
      },
      {
        "componentType": 5123,
        "type": "SCALAR",
        "count": 492,
        "bufferView": 16,
        "byteOffset": 0
      },
      {
        "componentType": 5126,
        "type": "VEC3",
        "count": 119,
        "bufferView": 17,
        "byteOffset": 0,
        "min": [
          -0.00809017196297646,
          -0.00891006551682949,
          -0.00951057020574808
        ],
        "max": [
          -0.00140290812123567,
          0.00951056554913521,
          0.00951056741178036
        ]
      },
      {
        "componentType": 5126,
        "type": "VEC3",
        "count": 119,
        "bufferView": 18,
        "byteOffset": 0
      },
      {
        "componentType": 5126,
        "type": "VEC2",
        "count": 119,
        "bufferView": 19,
        "byteOffset": 0
      },
      {
        "componentType": 5123,
        "type": "SCALAR",
        "count": 216,
        "bufferView": 20,
        "byteOffset": 0
      },
      {
        "componentType": 5126,
        "type": "VEC3",
        "count": 51,
        "bufferView": 21,
        "byteOffset": 0,
        "min": [
          -0.0100000035017729,
          -0.0070710675790906,
          -0.00587785476818681
        ],
        "max": [
          -0.00654508685693145,
          0.0070710675790906,
          0.00587785337120295
        ]
      },
      {
        "componentType": 5126,
        "type": "VEC3",
        "count": 51,
        "bufferView": 22,
        "byteOffset": 0
      },
      {
        "componentType": 5126,
        "type": "VEC2",
        "count": 51,
        "bufferView": 23,
        "byteOffset": 0
      }
    ],
    "samplers": [
      {}
    ],
    "materials": [
      {
        "name": "lambert7",
        "alphaMode": "OPAQUE",
        "extras": {
          "fromFBX": {
            "shadingModel": "Lambert",
            "isTruePBR": false
          }
        },
        "pbrMetallicRoughness": {
          "baseColorFactor": [
            0.0552671812474728,
            0.713302254676819,
            0.727199971675873,
            1
          ],
          "metallicFactor": 0.200000002980232,
          "roughnessFactor": 0.800000011920929
        }
      },
      {
        "name": "lambert4",
        "alphaMode": "OPAQUE",
        "extras": {
          "fromFBX": {
            "shadingModel": "Lambert",
            "isTruePBR": false
          }
        },
        "pbrMetallicRoughness": {
          "baseColorFactor": [
            0.172264084219933,
            0.400000005960464,
            0.0523999929428101,
            1
          ],
          "metallicFactor": 0.200000002980232,
          "roughnessFactor": 0.800000011920929
        }
      },
      {
        "name": "lambert2",
        "alphaMode": "OPAQUE",
        "extras": {
          "fromFBX": {
            "shadingModel": "Lambert",
            "isTruePBR": false
          }
        },
        "pbrMetallicRoughness": {
          "baseColorFactor": [
            0.400000005960464,
            0.400000005960464,
            0.400000005960464,
            1
          ],
          "metallicFactor": 0.200000002980232,
          "roughnessFactor": 0.800000011920929
        }
      },
      {
        "name": "lambert5",
        "alphaMode": "OPAQUE",
        "extras": {
          "fromFBX": {
            "shadingModel": "Lambert",
            "isTruePBR": false
          }
        },
        "pbrMetallicRoughness": {
          "baseColorFactor": [
            0.0513912029564381,
            0.0705177634954453,
            0.74480003118515,
            1
          ],
          "metallicFactor": 0.200000002980232,
          "roughnessFactor": 0.800000011920929
        }
      },
      {
        "name": "lambert6",
        "alphaMode": "OPAQUE",
        "extras": {
          "fromFBX": {
            "shadingModel": "Lambert",
            "isTruePBR": false
          }
        },
        "pbrMetallicRoughness": {
          "baseColorFactor": [
            0.693599998950958,
            0.0235823858529329,
            0.0235823858529329,
            1
          ],
          "metallicFactor": 0.200000002980232,
          "roughnessFactor": 0.800000011920929
        }
      },
      {
        "name": "lambert3",
        "alphaMode": "OPAQUE",
        "extras": {
          "fromFBX": {
            "shadingModel": "Lambert",
            "isTruePBR": false
          }
        },
        "pbrMetallicRoughness": {
          "baseColorFactor": [
            0.400000005960464,
            0.168802723288536,
            0.00559999933466315,
            1
          ],
          "metallicFactor": 0.200000002980232,
          "roughnessFactor": 0.800000011920929
        }
      }
    ],
    "meshes": [
      {
        "name": "pSphere1",
        "primitives": [
          {
            "material": 0,
            "mode": 4,
            "attributes": {
              "NORMAL": 2,
              "POSITION": 1,
              "TEXCOORD_0": 3
            },
            "indices": 0
          },
          {
            "material": 1,
            "mode": 4,
            "attributes": {
              "NORMAL": 6,
              "POSITION": 5,
              "TEXCOORD_0": 7
            },
            "indices": 4
          },
          {
            "material": 2,
            "mode": 4,
            "attributes": {
              "NORMAL": 10,
              "POSITION": 9,
              "TEXCOORD_0": 11
            },
            "indices": 8
          },
          {
            "material": 3,
            "mode": 4,
            "attributes": {
              "NORMAL": 14,
              "POSITION": 13,
              "TEXCOORD_0": 15
            },
            "indices": 12
          },
          {
            "material": 4,
            "mode": 4,
            "attributes": {
              "NORMAL": 18,
              "POSITION": 17,
              "TEXCOORD_0": 19
            },
            "indices": 16
          },
          {
            "material": 5,
            "mode": 4,
            "attributes": {
              "NORMAL": 22,
              "POSITION": 21,
              "TEXCOORD_0": 23
            },
            "indices": 20
          }
        ]
      }
    ],
    "nodes": [
      {
        "name": "RootNode",
        "translation": [
          0,
          0,
          0
        ],
        "rotation": [
          0,
          0,
          0,
          1
        ],
        "scale": [
          1,
          1,
          1
        ],
        "children": [
          1
        ]
      },
      {
        "name": "pSphere1",
        "translation": [
          0,
          0,
          0
        ],
        "rotation": [
          0,
          0,
          0,
          1
        ],
        "scale": [
          7.4882869720459,
          7.4882869720459,
          7.4882869720459
        ],
        "mesh": 0
      }
    ]
  }
}