{
  "version": "1.1.1",
  "windows": {
    "main": {
      "main": true,
      "url": "app://editor/index.html",
      "windowType": "dockable",
      "x": -8,
      "y": -8,
      "width": 1296,
      "height": 696,
      "layout": {
        "children": [
          {
            "children": [
              {
                "active": 0,
                "children": [
                  "hierarchy"
                ],
                "height": 308.07293701171875,
                "type": "panel",
                "width": 260.79168701171875
              },
              {
                "active": 0,
                "children": [
                  "assets"
                ],
                "height": 267.9270935058594,
                "type": "panel",
                "width": 260.79168701171875
              }
            ],
            "height": 578,
            "type": "dock-v",
            "width": 260.79168701171875
          },
          {
            "active": 0,
            "children": [
              "scene"
            ],
            "height": 578,
            "type": "panel",
            "width": 626.5104370117188
          },
          {
            "active": 0,
            "children": [
              "inspector",
              "node-library"
            ],
            "height": 578,
            "type": "panel",
            "width": 388.69793701171875
          }
        ],
        "type": "dock-h"
      },
      "panels": [
        "hierarchy",
        "assets",
        "inspector",
        "node-library",
        "scene"
      ]
    }
  },
  "panels": {
    "console": {
      "x": 430,
      "y": 160,
      "width": 419,
      "height": 338
    }
  }
}